method,a_A,E_eV_per_fu,status
GFN2-xTB,2.6,-463.4527960695319,ok
GFN2-xTB,2.65,-464.91559173108965,ok
GFN2-xTB,2.7,-495.9014918794422,ok
GFN2-xTB,2.75,-493.7968057106501,ok
GFN2-xTB,2.8,-491.7827128381879,ok
GFN2-xTB,2.85,-489.84436321795425,ok
GFN2-xTB,2.9,-487.971553750287,ok
GFN2-xTB,2.95,-486.15987476921265,ok
GFN2-xTB,3.0,-484.4079008488638,ok
GFN2-xTB,3.05,-482.71421766841513,ok
GFN2-xTB,3.1,-481.07809391099335,ok
GFN2-xTB,3.15,-479.49911187758806,ok
GFN2-xTB,3.2,-477.97626866389385,ok
GFN2-xTB,3.25,-476.5095587361146,ok
GFN1-xTB,2.6,nan,SCF not converged in 500 cycles
GFN1-xTB,2.65,nan,SCF not converged in 500 cycles
GFN1-xTB,2.7,nan,SCF not converged in 500 cycles
GFN1-xTB,2.75,nan,SCF not converged in 500 cycles
GFN1-xTB,2.8,nan,SCF not converged in 500 cycles
GFN1-xTB,2.85,nan,SCF not converged in 500 cycles
GFN1-xTB,2.9,-3039.117586127878,ok
GFN1-xTB,2.95,-3081.8023775770944,ok
GFN1-xTB,3.0,-479.220014378294,ok
GFN1-xTB,3.05,-479.06878439236675,ok
GFN1-xTB,3.1,-478.81451893031095,ok
GFN1-xTB,3.15,-478.47151460939716,ok
GFN1-xTB,3.2,-478.05552107081616,ok
GFN1-xTB,3.25,-477.8551706927676,ok
