name,cid,vina_table,vina_pose_file,inchikey_smiles,inchikey_table,inchikey_pubchem_cid,vina_ok,identity_ok,skeleton_ok
Temozolomide,5394,-5.983,-5.983,BPEGJWRSRHCHSN-UHFFFAOYSA-N,BPEGJWRSRHCHSN-UHFFFAOYSA-N,BPEGJWRSRHCHSN-UHFFFAOYSA-N,True,True,True
Lomustine,3950,-6.255,-6.255,GQYIWUVLTXOXAJ-UHFFFAOYSA-N,GQYIWUVLTXOXAJ-UHFFFAOYSA-N,GQYIWUVLTXOXAJ-UHFFFAOYSA-N,True,True,True
Carmustine,2578,-4.746,-4.746,DLGOEMSEDOSKAD-UHFFFAOYSA-N,DLGOEMSEDOSKAD-UHFFFAOYSA-N,DLGOEMSEDOSKAD-UHFFFAOYSA-N,True,True,True
Nimustine,39214,-6.048,-6.048,VFEDRRNHLBGPNN-UHFFFAOYSA-N,VFEDRRNHLBGPNN-UHFFFAOYSA-N,VFEDRRNHLBGPNN-UHFFFAOYSA-N,True,True,True
Procarbazine,4915,-6.47,-6.47,CPTBDICYNRMXFX-UHFFFAOYSA-N,CPTBDICYNRMXFX-UHFFFAOYSA-N,CPTBDICYNRMXFX-UHFFFAOYSA-N,True,True,True
Osimertinib,71496458,-8.138,-8.138,DUYJMQONPNNFPI-UHFFFAOYSA-N,DUYJMQONPNNFPI-UHFFFAOYSA-N,DUYJMQONPNNFPI-UHFFFAOYSA-N,True,True,True
Gefitinib,123631,-8.099,-8.099,XGALLCVXEZPNRQ-UHFFFAOYSA-N,XGALLCVXEZPNRQ-UHFFFAOYSA-N,XGALLCVXEZPNRQ-UHFFFAOYSA-N,True,True,True
Erlotinib,176870,-7.27,-7.27,AAKJLRGGTJKAMG-UHFFFAOYSA-N,AAKJLRGGTJKAMG-UHFFFAOYSA-N,AAKJLRGGTJKAMG-UHFFFAOYSA-N,True,True,True
Afatinib,10184653,-8.026,-8.026,ULXXDDBFHOBEHA-CWDCEQMOSA-N,ULXXDDBFHOBEHA-CWDCEQMOSA-N,ULXXDDBFHOBEHA-CWDCEQMOSA-N,True,True,True
Dacomitinib,11511120,-8.776,-8.776,LVXJQMNHJWSHET-AATRIKPKSA-N,LVXJQMNHJWSHET-AATRIKPKSA-N,LVXJQMNHJWSHET-AATRIKPKSA-N,True,True,True
Brigatinib,68165256,-8.64,-8.64,AILRADAXUVEEIR-UHFFFAOYSA-N,AILRADAXUVEEIR-UHFFFAOYSA-N,AILRADAXUVEEIR-UHFFFAOYSA-N,True,True,True
Regorafenib,11167602,-8.774,-8.774,FNHKPVJBJVTLMP-UHFFFAOYSA-N,FNHKPVJBJVTLMP-UHFFFAOYSA-N,FNHKPVJBJVTLMP-UHFFFAOYSA-N,True,True,True
Sorafenib,216239,-8.523,-8.523,MLDQJTXFUGDVEO-UHFFFAOYSA-N,MLDQJTXFUGDVEO-UHFFFAOYSA-N,MLDQJTXFUGDVEO-UHFFFAOYSA-N,True,True,True
Sunitinib,5329102,-7.855,-7.855,WINHZLLDWRZWRT-ATVHPVEESA-N,WINHZLLDWRZWRT-ATVHPVEESA-N,WINHZLLDWRZWRT-ATVHPVEESA-N,True,True,True
Cabozantinib,25102847,-8.66,-8.66,ONIQOQHATWINJY-UHFFFAOYSA-N,ONIQOQHATWINJY-UHFFFAOYSA-N,ONIQOQHATWINJY-UHFFFAOYSA-N,True,True,True
Lenvatinib,9823820,-8.104,-8.104,WOSKHXYHFSIKNG-UHFFFAOYSA-N,WOSKHXYHFSIKNG-UHFFFAOYSA-N,WOSKHXYHFSIKNG-UHFFFAOYSA-N,True,True,True
Pazopanib,10113978,-8.528,-8.528,CUIHSIWYWATEQL-UHFFFAOYSA-N,CUIHSIWYWATEQL-UHFFFAOYSA-N,CUIHSIWYWATEQL-UHFFFAOYSA-N,True,True,True
Axitinib,6450551,-8.563,-8.563,RITAVMQDGBJQJZ-FMIVXFBMSA-N,RITAVMQDGBJQJZ-FMIVXFBMSA-N,RITAVMQDGBJQJZ-FMIVXFBMSA-N,True,True,True
Cediranib,9933475,-8.115,-8.115,XXJWYDDUDKYVKI-UHFFFAOYSA-N,XXJWYDDUDKYVKI-UHFFFAOYSA-N,XXJWYDDUDKYVKI-UHFFFAOYSA-N,True,True,True
Abemaciclib,46220502,-9.65,-9.65,UZWDCWONPYILKI-UHFFFAOYSA-N,UZWDCWONPYILKI-UHFFFAOYSA-N,UZWDCWONPYILKI-UHFFFAOYSA-N,True,True,True
Palbociclib,5330286,-9.109,-9.109,AHJRHEGDXFFMBM-UHFFFAOYSA-N,AHJRHEGDXFFMBM-UHFFFAOYSA-N,AHJRHEGDXFFMBM-UHFFFAOYSA-N,True,True,True
Ribociclib,44631912,-8.448,-8.448,RHXHGRAEPCAFML-UHFFFAOYSA-N,RHXHGRAEPCAFML-UHFFFAOYSA-N,RHXHGRAEPCAFML-UHFFFAOYSA-N,True,True,True
Cobimetinib,16222096,-9.009,-9.009,BSMCAPRUBJMWDF-KRWDZBQOSA-N,BSMCAPRUBJMWDF-KRWDZBQOSA-N,BSMCAPRUBJMWDF-KRWDZBQOSA-N,True,True,True
Trametinib,11707110,-8.554,-8.554,LIRYPHYGHXZJBZ-UHFFFAOYSA-N,LIRYPHYGHXZJBZ-UHFFFAOYSA-N,LIRYPHYGHXZJBZ-UHFFFAOYSA-N,True,True,True
Selumetinib,10127622,-8.114,-8.114,CYOHGALHFOKKQC-UHFFFAOYSA-N,CYOHGALHFOKKQC-UHFFFAOYSA-N,CYOHGALHFOKKQC-UHFFFAOYSA-N,True,True,True
Dabrafenib,44462760,-8.714,-8.714,BFSMGDJOXZAERB-UHFFFAOYSA-N,BFSMGDJOXZAERB-UHFFFAOYSA-N,BFSMGDJOXZAERB-UHFFFAOYSA-N,True,True,True
Everolimus,6442177,-7.843,-7.843,HKVAMNSJSFKALM-GKUWKFKPSA-N,HKVAMNSJSFKALM-GKUWKFKPSA-N,HKVAMNSJSFKALM-GKUWKFKPSA-N,True,True,True
Vorinostat,5311,-6.625,-6.625,WAEXFXRVDQXREF-UHFFFAOYSA-N,WAEXFXRVDQXREF-UHFFFAOYSA-N,WAEXFXRVDQXREF-UHFFFAOYSA-N,True,True,True
Bortezomib,387447,,,GXJABQQUPOEUTA-RDJZCZTQSA-N,GXJABQQUPOEUTA-RDJZCZTQSA-N,GXJABQQUPOEUTA-RDJZCZTQSA-N,False,True,True
Marizomib,11347535,-6.999,-6.999,NGWSFRIPKNWYAO-SHTIJGAHSA-N,NGWSFRIPKNWYAO-SHTIJGAHSA-N,NGWSFRIPKNWYAO-SHTIJGAHSA-N,True,True,True
Larotrectinib,46188928,-9.193,-9.193,NYNZQNWKBKUAII-KBXCAEBGSA-N,NYNZQNWKBKUAII-KBXCAEBGSA-N,NYNZQNWKBKUAII-KBXCAEBGSA-N,True,True,True
Paxalisib,57384863,-8.098,-8.098,LGWACEZVCMBSKW-UHFFFAOYSA-N,LGWACEZVCMBSKW-UHFFFAOYSA-N,LGWACEZVCMBSKW-UHFFFAOYSA-N,True,True,True
Buparlisib,16654980,-8.337,-8.337,CWHUFRVAEUJCEF-UHFFFAOYSA-N,CWHUFRVAEUJCEF-UHFFFAOYSA-N,CWHUFRVAEUJCEF-UHFFFAOYSA-N,True,True,True
