name,class,pubchem_cid,smiles,formula,formal_charge,n_heavy_atoms,inchikey,pubchem_record_formula,old_smiles,old_formula,old_matched_pubchem
Temozolomide,Alkylating Agent,5394,Cn1nnc2c(C(N)=O)ncn2c1=O,C6H6N6O2,0,14,BPEGJWRSRHCHSN-UHFFFAOYSA-N,C6H6N6O2,CN1C(=O)N2C(=NC1=O)N=NN2C,C5H6N6O2,False
Lomustine,Alkylating Agent,3950,O=NN(CCCl)C(=O)NC1CCCCC1,C9H16ClN3O2,0,15,GQYIWUVLTXOXAJ-UHFFFAOYSA-N,C9H16ClN3O2,O=NN(CCCl)C(=O)NC1CCCCC1,C9H16ClN3O2,True
Carmustine,Alkylating Agent,2578,O=NN(CCCl)C(=O)NCCCl,C5H9Cl2N3O2,0,12,DLGOEMSEDOSKAD-UHFFFAOYSA-N,C5H9Cl2N3O2,O=NN(CCCl)C(=O)NCCCl,C5H9Cl2N3O2,True
Nimustine,Alkylating Agent,39214,Cc1ncc(CNC(=O)N(CCCl)N=O)c(N)n1,C9H13ClN6O2,0,18,VFEDRRNHLBGPNN-UHFFFAOYSA-N,C9H13ClN6O2,Cc1ncc(CN(C(=O)NCCCl)N=O)cn1,C9H12ClN5O2,False
Procarbazine,Alkylating Agent,4915,CNNCc1ccc(C(=O)NC(C)C)cc1,C12H19N3O,0,16,CPTBDICYNRMXFX-UHFFFAOYSA-N,C12H19N3O,CC(C)NC(=O)c1ccc(CNNC)cc1,C12H19N3O,True
Osimertinib,EGFR TKI (3rd Gen),71496458,C=CC(=O)Nc1cc(Nc2nccc(-c3cn(C)c4ccccc34)n2)c(OC)cc1N(C)CCN(C)C,C28H33N7O2,0,37,DUYJMQONPNNFPI-UHFFFAOYSA-N,C28H33N7O2,C=CC(=O)Nc1cc(Nc2nccc(-c3cn(C)c4ccccc34)n2)c(OC)cc1N(C)CCN(C)C,C28H33N7O2,True
Gefitinib,EGFR TKI (1st Gen),123631,COc1cc2ncnc(Nc3ccc(F)c(Cl)c3)c2cc1OCCCN1CCOCC1,C22H24ClFN4O3,0,31,XGALLCVXEZPNRQ-UHFFFAOYSA-N,C22H24ClFN4O3,COc1cc2ncnc(Nc3ccc(F)c(Cl)c3)c2cc1OCCCN1CCOCC1,C22H24ClFN4O3,True
Erlotinib,EGFR TKI (1st Gen),176870,C#Cc1cccc(Nc2ncnc3cc(OCCOC)c(OCCOC)cc23)c1,C22H23N3O4,0,29,AAKJLRGGTJKAMG-UHFFFAOYSA-N,C22H23N3O4,COCCOc1cc2ncnc(Nc3cccc(C#C)c3)c2cc1OCCOC,C22H23N3O4,True
Afatinib,EGFR TKI (2nd Gen),10184653,CN(C)C/C=C/C(=O)Nc1cc2c(Nc3ccc(F)c(Cl)c3)ncnc2cc1O[C@H]1CCOC1,C24H25ClFN5O3,0,34,ULXXDDBFHOBEHA-CWDCEQMOSA-N,C24H25ClFN5O3,CN(C)C/C=C/C(=O)Nc1cc2c(Nc3ccc(F)c(Cl)c3)ncnc2cc1O[C@H]1CCOC1,C24H25ClFN5O3,True
Dacomitinib,EGFR TKI (2nd Gen),11511120,COc1cc2ncnc(Nc3ccc(F)c(Cl)c3)c2cc1NC(=O)/C=C/CN1CCCCC1,C24H25ClFN5O2,0,33,LVXJQMNHJWSHET-AATRIKPKSA-N,C24H25ClFN5O2,COc1cc2ncnc(Nc3ccc(F)c(Cl)c3)c2cc1NC(=O)/C=C/CN1CCCCC1,C24H25ClFN5O2,True
Brigatinib,Multi-Kinase TKI,68165256,COc1cc(N2CCC(N3CCN(C)CC3)CC2)ccc1Nc1ncc(Cl)c(Nc2ccccc2P(C)(C)=O)n1,C29H39ClN7O2P,0,40,AILRADAXUVEEIR-UHFFFAOYSA-N,C29H39ClN7O2P,COc1cc(Nc2ncc(Cl)c(Nc3ccccc3P(=O)(C)C)n2)ccc1N1CCN(C)CC1,C24H30ClN6O2P,False
Regorafenib,Multi-Kinase TKI,11167602,CNC(=O)c1cc(Oc2ccc(NC(=O)Nc3ccc(Cl)c(C(F)(F)F)c3)c(F)c2)ccn1,C21H15ClF4N4O3,0,33,FNHKPVJBJVTLMP-UHFFFAOYSA-N,C21H15ClF4N4O3,CNC(=O)c1cc(Oc2ccc(NC(=O)Nc3ccc(Cl)c(C(F)(F)F)c3)c(F)c2)ccn1,C21H15ClF4N4O3,True
Sorafenib,Multi-Kinase TKI,216239,CNC(=O)c1cc(Oc2ccc(NC(=O)Nc3ccc(Cl)c(C(F)(F)F)c3)cc2)ccn1,C21H16ClF3N4O3,0,32,MLDQJTXFUGDVEO-UHFFFAOYSA-N,C21H16ClF3N4O3,CNC(=O)c1cc(Oc2ccc(NC(=O)Nc3ccc(Cl)c(C(F)(F)F)c3)cc2)ccn1,C21H16ClF3N4O3,True
Sunitinib,Multi-Kinase TKI,5329102,CCN(CC)CCNC(=O)c1c(C)[nH]c(/C=C2\C(=O)Nc3ccc(F)cc32)c1C,C22H27FN4O2,0,29,WINHZLLDWRZWRT-ATVHPVEESA-N,C22H27FN4O2,CCN(CC)CCNC(=O)c1c(C)[nH]c(/C=C2\C(=O)Nc3ccc(F)cc32)c1C,C22H27FN4O2,True
Cabozantinib,Multi-Kinase TKI,25102847,COc1cc2nccc(Oc3ccc(NC(=O)C4(C(=O)Nc5ccc(F)cc5)CC4)cc3)c2cc1OC,C28H24FN3O5,0,37,ONIQOQHATWINJY-UHFFFAOYSA-N,C28H24FN3O5,COc1cc2nccc(Oc3ccc(NC(=O)C4(C(=O)Nc5ccc(F)cc5)CC4)cc3F)c2cc1OC,C28H23F2N3O5,False
Lenvatinib,Multi-Kinase TKI,9823820,COc1cc2nccc(Oc3ccc(NC(=O)NC4CC4)c(Cl)c3)c2cc1C(N)=O,C21H19ClN4O4,0,30,WOSKHXYHFSIKNG-UHFFFAOYSA-N,C21H19ClN4O4,COc1cc2nccc(Oc3ccc(NC(=O)NC4CC4)c(Cl)c3)c2cc1C(=O)N,C21H19ClN4O4,True
Pazopanib,Multi-Kinase TKI,10113978,Cc1ccc(Nc2nccc(N(C)c3ccc4c(C)n(C)nc4c3)n2)cc1S(N)(=O)=O,C21H23N7O2S,0,31,CUIHSIWYWATEQL-UHFFFAOYSA-N,C21H23N7O2S,Cc1ccc(Nc2nc(Nc3ccc4[nH]nc(C)c4c3)nc(N(C)C)n2)cc1S(=O)(=O)N,C20H23N9O2S,False
Axitinib,Multi-Kinase TKI,6450551,CNC(=O)c1ccccc1Sc1ccc2c(/C=C/c3ccccn3)n[nH]c2c1,C22H18N4OS,0,28,RITAVMQDGBJQJZ-FMIVXFBMSA-N,C22H18N4OS,CNC(=O)c1ccccc1Sc1ccc2c(/C=C/c3ccccn3)n[nH]c2c1,C22H18N4OS,True
Cediranib,VEGFR TKI,9933475,COc1cc2c(Oc3ccc4[nH]c(C)cc4c3F)ncnc2cc1OCCCN1CCCC1,C25H27FN4O3,0,33,XXJWYDDUDKYVKI-UHFFFAOYSA-N,C25H27FN4O3,COc1cc2ncnc(Nc3ccc4[nH]c(C)nc4c3F)c2cc1OCC1CCN(C)CC1,C24H27FN6O2,False
Abemaciclib,CDK4/6 Inhibitor,46220502,CCN1CCN(Cc2ccc(Nc3ncc(F)c(-c4cc(F)c5nc(C)n(C(C)C)c5c4)n3)nc2)CC1,C27H32F2N8,0,37,UZWDCWONPYILKI-UHFFFAOYSA-N,C27H32F2N8,CCN1CCN(Cc2ccc(Nc3ncc(F)c(Nc4ccc(C#N)c(C(C)C)n4)n3)nc2)CC1,C25H30FN9,False
Palbociclib,CDK4/6 Inhibitor,5330286,CC(=O)c1c(C)c2cnc(Nc3ccc(N4CCNCC4)cn3)nc2n(C2CCCC2)c1=O,C24H29N7O2,0,33,AHJRHEGDXFFMBM-UHFFFAOYSA-N,C24H29N7O2,CC(=O)c1c(C)c2cnc(Nc3ccc(N4CCNCC4)cn3)nc2n1C1CCCC1,C23H29N7O,False
Ribociclib,CDK4/6 Inhibitor,44631912,CN(C)C(=O)c1cc2cnc(Nc3ccc(N4CCNCC4)cn3)nc2n1C1CCCC1,C23H30N8O,0,32,RHXHGRAEPCAFML-UHFFFAOYSA-N,C23H30N8O,CN(C)C(=O)c1cc2cnc(Nc3ccc(N4CCNCC4)cn3)nc2n1C1CCCC1,C23H30N8O,True
Cobimetinib,MEK Inhibitor,16222096,O=C(c1ccc(F)c(F)c1Nc1ccc(I)cc1F)N1CC(O)([C@@H]2CCCCN2)C1,C21H21F3IN3O2,0,30,BSMCAPRUBJMWDF-KRWDZBQOSA-N,C21H21F3IN3O2,OC1(CN(Cc2cc(F)ccc2I)CCO1)c1c(F)c(F)c(F)c(Nc2c(F)cccc2I)c1F,C23H16F6I2N2O2,False
Trametinib,MEK Inhibitor,11707110,CC(=O)Nc1cccc(-n2c(=O)n(C3CC3)c(=O)c3c(Nc4ccc(I)cc4F)n(C)c(=O)c(C)c32)c1,C26H23FIN5O4,0,37,LIRYPHYGHXZJBZ-UHFFFAOYSA-N,C26H23FIN5O4,CC1=C(C(=O)N(C(=O)N1c1ccc(I)cc1F)c1ccccc1NC(=O)C2CC2)c1c(F)cccc1,C27H20F2IN3O3,False
Selumetinib,MEK Inhibitor,10127622,Cn1cnc2c(F)c(Nc3ccc(Br)cc3Cl)c(C(=O)NOCCO)cc21,C17H15BrClFN4O3,0,27,CYOHGALHFOKKQC-UHFFFAOYSA-N,C17H15BrClFN4O3,NC(=O)c1c(Cl)c(Nc2ccc(I)cc2F)c(F)cc1OCC(O)CO,C16H14ClF2IN2O4,False
Dabrafenib,BRAF Inhibitor,44462760,CC(C)(C)c1nc(-c2cccc(NS(=O)(=O)c3c(F)cccc3F)c2F)c(-c2ccnc(N)n2)s1,C23H20F3N5O2S2,0,35,BFSMGDJOXZAERB-UHFFFAOYSA-N,C23H20F3N5O2S2,CC(C)(C)c1nc(Nc2ccc(NS(=O)(=O)c3c(F)cccc3F)c(F)c2)c(c2ccncc2)s1,C24H21F3N4O2S2,False
Everolimus,mTOR Inhibitor,6442177,CO[C@H]1C[C@@H]2CC[C@@H](C)[C@@](O)(O2)C(=O)C(=O)N2CCCC[C@H]2C(=O)O[C@H]([C@H](C)C[C@@H]2CC[C@@H](OCCO)[C@H](OC)C2)CC(=O)[C@H](C)/C=C(\C)[C@@H](O)[C@@H](OC)C(=O)[C@H](C)C[C@H](C)/C=C/C=C/C=C/1C,C53H83NO14,0,68,HKVAMNSJSFKALM-GKUWKFKPSA-N,C53H83NO14,COCC[C@H]1C[C@@H](CC(=O)O)CC1,C10H18O3,False
Vorinostat,HDAC Inhibitor,5311,O=C(CCCCCCC(=O)Nc1ccccc1)NO,C14H20N2O3,0,19,WAEXFXRVDQXREF-UHFFFAOYSA-N,C14H20N2O3,O=C(CCCCCCC(=O)Nc1ccccc1)NO,C14H20N2O3,True
Bortezomib,Proteasome Inhibitor,387447,CC(C)C[C@H](NC(=O)[C@H](Cc1ccccc1)NC(=O)c1cnccn1)B(O)O,C19H25BN4O4,0,28,GXJABQQUPOEUTA-RDJZCZTQSA-N,C19H25BN4O4,CC(C)C[C@H](NC(=O)[C@H](Cc1ccccc1)NC(=O)c1cnccn1)B(O)O,C19H25BN4O4,True
Marizomib,Proteasome Inhibitor,11347535,C[C@@]12OC(=O)[C@]1([C@@H](O)[C@@H]1C=CCCC1)NC(=O)[C@@H]2CCCl,C15H20ClNO4,0,21,NGWSFRIPKNWYAO-SHTIJGAHSA-N,C15H20ClNO4,CC1(C)OC2C(=O)N1CC2,C7H11NO2,False
Larotrectinib,TRK Inhibitor,46188928,O=C(Nc1cnn2ccc(N3CCC[C@@H]3c3cc(F)ccc3F)nc12)N1CC[C@H](O)C1,C21H22F2N6O2,0,31,NYNZQNWKBKUAII-KBXCAEBGSA-N,C21H22F2N6O2,O=C(Nc1ncc2cnn(-c3cccc(F)c3)c2n1)[C@H]1CNCCO1,C16H15FN6O2,False
Paxalisib,PI3K/mTOR TKI,57384863,CC1(C)OCCn2c1nc1c(N3CCOCC3)nc(-c3cnc(N)nc3)nc12,C18H22N8O2,0,28,LGWACEZVCMBSKW-UHFFFAOYSA-N,C18H22N8O2,CC(C)(C)c1nc(nc(n1)N1CCOCC1)-c1cnc(N2CCOCC2)nc1N,C19H28N8O2,False
Buparlisib,PI3K Inhibitor,16654980,Nc1cc(C(F)(F)F)c(-c2cc(N3CCOCC3)nc(N3CCOCC3)n2)cn1,C18H21F3N6O2,0,29,CWHUFRVAEUJCEF-UHFFFAOYSA-N,C18H21F3N6O2,Cc1nc(nc(n1)N1CCOCC1)-c1ccc(F)c(N2CCOCC2)c1,C18H22FN5O2,False
