name,MW,TPSA,logP,RotB,vina,oof_pred,residual,leverage,std_residual,inside_AD
Temozolomide,194.154,108.17000000000002,-2.078099999999999,1,-5.983,-7.453634612464021,1.4706346124640213,0.36135404200194543,1.4630185622576377,True
Lomustine,233.69899999999996,61.77,2.2509000000000006,4,-6.255,-7.208391481112074,0.9533914811120745,0.1179251658279014,0.948454104196729,True
Carmustine,214.052,61.77,1.157,5,-4.746,-6.8721336088140665,2.126133608814066,0.1151857280865379,2.1151228926423062,True
Nimustine,272.69599999999997,113.57,0.7990200000000001,5,-6.048,-7.179957102705225,1.1319571027052246,0.21667051436779586,1.1260949789304884,True
Procarbazine,221.304,53.16,1.0487999999999995,5,-6.47,-7.656857809400741,1.186857809400741,0.1385548258295351,1.1807113685461432,True
Osimertinib,499.6190000000003,87.55,4.509800000000003,10,-8.138,-8.06590002947122,-0.07209997052878059,0.1740378874578783,-0.07172658274722557,True
Gefitinib,446.9100000000004,68.74000000000001,4.275600000000003,8,-8.099,-7.931069709124649,-0.1679302908753515,0.09655016031516306,-0.1670606217436449,True
Erlotinib,393.4430000000002,74.73000000000002,3.405100000000002,10,-7.27,-7.331184177902304,0.06118417790230435,0.23286809432679642,0.06086732029077329,True
Afatinib,485.94700000000023,88.61000000000001,4.389900000000002,8,-8.026,-7.952508129356122,-0.07349187064387763,0.0656773148696998,-0.07311127455845909,True
Dacomitinib,469.9480000000004,79.38000000000001,5.1551000000000045,7,-8.776,-7.982337423262321,-0.7936625767376784,0.07326656311504573,-0.789552396016966,True
Brigatinib,584.105,85.86,5.090000000000003,8,-8.64,-8.414176194446425,-0.22582380555357595,0.12777337114020082,-0.22465432033521093,True
Regorafenib,482.82100000000014,92.35000000000001,5.688800000000002,5,-8.774,-8.833060938060685,0.059060938060685686,0.1885181844150164,0.05875507617922715,True
Sorafenib,464.83100000000013,92.35000000000001,5.549700000000003,5,-8.523,-8.177592441430434,-0.3454075585695655,0.1907158122823077,-0.3436187788921155,True
Sunitinib,398.48200000000014,77.23,3.3349400000000013,7,-7.855,-7.937537347243863,0.08253734724386241,0.0560631843790146,0.08210990688907724,True
Cabozantinib,501.51400000000024,98.78000000000002,5.5408000000000035,8,-8.66,-8.273288304661659,-0.3867116953383416,0.10711235263407552,-0.3847090118286982,True
Lenvatinib,426.8600000000003,115.57,4.071900000000002,6,-8.104,-7.878230038958917,-0.22576996104108193,0.1521079744186803,-0.22460075467003018,True
Pazopanib,437.52900000000017,119.03,3.1390400000000005,5,-8.528,-7.97870045340801,-0.5492995465919908,0.09727492826871617,-0.5464548611142167,True
Axitinib,386.48,70.67,4.639100000000004,5,-8.563,-7.853076208576935,-0.7099237914230656,0.1294453229524419,-0.7062472730055335,True
Cediranib,450.51400000000035,72.5,5.224220000000004,8,-8.115,-8.093984234444743,-0.02101576555525675,0.09496262638043206,-0.020906930142137885,True
Abemaciclib,506.6050000000003,75.0,4.936920000000004,7,-9.65,-8.33830902959091,-1.3116909704090904,0.08475225928400827,-1.3048980497194587,True
Palbociclib,447.54300000000035,105.03999999999999,2.965820000000001,5,-9.109,-7.8196077970905975,-1.2893922029094025,0.04510751915364928,-1.2827147619802624,True
Ribociclib,434.54800000000023,91.21000000000001,2.7964,5,-8.448,-7.783188024895797,-0.664811975104203,0.046721722114568584,-0.6613690795424596,True
Cobimetinib,531.3160000000003,64.60000000000001,3.781100000000002,4,-9.009,-7.981392808243467,-1.027607191756533,0.3230713497001294,-1.0222854701687718,True
Trametinib,615.4029999999999,107.13,3.940120000000002,5,-8.554,-9.207474780009381,0.6534747800093808,0.16824297699545626,0.6500905969560401,True
Selumetinib,457.68700000000024,88.41000000000001,3.5256000000000016,6,-8.114,-7.846991164670932,-0.2670088353290687,0.03868909557259887,-0.26562606310394954,True
Dabrafenib,519.5740000000002,110.86,5.364900000000003,5,-8.714,-8.205532639292402,-0.5084673607075985,0.16359653701286267,-0.505834134945988,True
Everolimus,958.2400000000001,204.65999999999994,6.197200000000008,9,-7.843,-10.954914222345241,3.1119142223452414,0.6941020539366943,3.0957983940120357,False
Vorinostat,264.32500000000005,78.43,2.4711,8,-6.625,-7.587957873307813,0.962957873307813,0.19562452817620346,0.9579709544310318,True
Marizomib,313.78100000000006,75.63,1.1327999999999998,4,-6.999,-7.318335575137125,0.3193355751371252,0.09984831968916094,0.3176818157652756,True
Larotrectinib,428.44300000000015,86.00000000000001,2.9475000000000016,3,-9.193,-7.751783784736916,-1.4412162152630836,0.1126869157084148,-1.4337525156053508,True
Paxalisib,382.4280000000001,117.1,0.9674,2,-8.098,-7.575474075632918,-0.5225259243670823,0.1708200472073293,-0.5198198928073811,True
Buparlisib,410.4000000000002,89.63,1.8128000000000002,3,-8.337,-7.629294207325876,-0.7077057926741235,0.12067262237974197,-0.7040407607194329,True
