name,num_interacting_residues,contact_residues
Abemaciclib,15,ALA743; ARG841; ASP855; CYS797; GLN791; GLU762; GLY719; GLY796; LEU718; LEU844; LYS745; MET793; THR790; THR854; VAL726
Afatinib,15,ALA743; GLU762; GLY719; GLY796; LEU718; LEU788; LEU844; LYS745; MET766; MET793; PHE723; SER720; THR790; THR854; VAL726
Axitinib,12,ASN842; ASP855; GLU762; LEU718; LEU792; LEU844; LYS745; MET793; PRO794; THR790; THR854; VAL726
Brigatinib,13,ALA743; ARG841; ASP855; GLN791; GLU762; GLY796; LEU718; LEU844; LYS745; MET793; THR790; THR854; VAL726
Buparlisib,9,LEU718; LEU792; LYS745; MET766; MET793; PRO794; THR790; THR854; VAL726
Cabozantinib,15,ASN842; ASP855; GLN791; GLU762; GLY796; LEU718; LEU792; LEU844; LYS728; LYS745; MET793; PRO794; THR790; THR854; VAL726
Carmustine,10,ALA743; CYS775; GLU762; LEU844; LYS745; MET766; MET793; THR790; THR854; VAL726
Cediranib,11,ALA743; LEU718; LEU788; LEU844; LYS728; LYS745; MET766; MET793; PRO794; THR790; VAL726
Cobimetinib,14,ALA743; ARG841; ASN842; CYS797; GLN791; GLY796; ILE744; LEU718; LEU844; LYS745; MET793; THR790; THR854; VAL726
Dabrafenib,14,ALA743; GLN791; GLU762; GLY719; LEU718; LEU788; LEU792; LEU844; LYS745; MET766; MET793; PHE723; THR790; VAL726
Dacomitinib,14,ALA743; ASP855; CYS797; GLN791; GLY796; LEU718; LEU792; LEU844; LYS745; MET793; PRO794; THR790; THR854; VAL726
Entrectinib,11,ALA743; ARG841; CYS797; GLN791; GLY796; ILE744; LYS745; MET793; PRO794; THR790; VAL726
Erlotinib,11,ALA743; ARG841; ASP855; CYS797; LEU718; LEU844; LYS745; MET793; PHE723; THR790; THR854
Gefitinib,11,ALA743; GLU762; LEU718; LEU788; LEU844; LYS745; MET766; MET793; THR790; THR854; VAL726
Lapatinib,17,ALA743; ASP800; ASP855; CYS775; GLN791; GLU762; GLY796; LEU718; LEU792; LEU844; LYS745; MET793; PHE795; THR790; THR854; TYR801; VAL726
Larotrectinib,12,ALA743; GLN791; GLY719; GLY724; LEU844; LYS745; MET766; PHE723; SER720; THR790; THR854; VAL726
Lenvatinib,12,ALA743; ARG841; ASN842; CYS797; GLN791; GLY796; LEU718; LEU792; LEU844; MET793; PRO794; THR790
Lomustine,10,ALA743; GLN791; GLY796; LEU844; LYS745; MET766; MET793; THR790; THR854; VAL726
Marizomib,8,ALA743; GLN791; LEU844; LYS745; MET793; THR790; THR854; VAL726
Nimustine,11,ALA743; CYS775; GLU762; LEU718; LEU792; LEU844; LYS745; MET793; THR790; THR854; VAL726
Osimertinib,15,ALA743; ARG841; ASN842; ASP855; GLN791; GLY719; LEU718; LEU844; LYS745; MET766; MET793; PHE723; THR790; THR854; VAL726
Palbociclib,11,ALA743; GLY796; LEU718; LEU788; LEU792; LEU844; LYS745; MET766; MET793; PRO794; THR790
Paxalisib,15,ALA743; ARG841; ASP855; GLN791; GLY796; LEU718; LEU788; LEU792; LEU844; LYS745; MET793; PRO794; THR790; THR854; VAL726
Pazopanib,13,ALA743; CYS775; CYS797; GLN791; LEU718; LEU792; LEU844; LYS745; MET766; MET793; THR790; THR854; VAL726
Procarbazine,10,ALA743; GLU762; LEU718; LEU844; LYS745; MET793; PRO794; THR790; THR854; VAL726
Regorafenib,14,ALA743; ASP800; GLN791; GLY796; HIS805; LEU718; LEU844; MET793; PHE795; PRO794; THR790; THR854; TYR801; VAL726
Ribociclib,11,ALA743; ASP800; CYS797; GLN791; LEU718; LEU792; LEU844; LYS745; MET793; THR790; THR854
Selumetinib,12,ALA743; CYS797; GLU762; GLY719; GLY796; LEU718; LEU844; LYS745; MET766; THR790; THR854; VAL726
Sorafenib,15,ALA743; ASP800; GLN791; GLY796; HIS805; LEU718; LEU792; LEU844; MET793; PHE795; PRO794; THR790; THR854; TYR801; VAL726
Sunitinib,13,ALA743; GLN791; GLY796; LEU718; LEU788; LEU792; LEU844; LYS745; MET793; PRO794; THR790; THR854; VAL726
Temozolomide,8,ALA743; CYS775; GLN791; LEU844; MET793; THR790; THR854; VAL726
Trametinib,14,ALA743; ARG841; ASN842; GLY719; GLY796; LEU718; LEU844; LYS745; MET793; PHE723; PRO794; THR790; THR854; VAL726
Vorinostat,10,ALA743; GLN791; LEU718; LEU788; LEU792; LEU844; LYS745; MET793; THR790; VAL726
