name,class,vina_1M17_kcal_mol,ligand_efficiency,n_ring_conformers,pose_file
Temozolomide,Alkylating Agent,-5.983,0.4274,1,results/docking/real_poses/Temozolomide_out.pdbqt
Lomustine,Alkylating Agent,-6.255,0.417,5,results/docking/real_poses/Lomustine_out.pdbqt
Carmustine,Alkylating Agent,-4.746,0.3955,1,results/docking/real_poses/Carmustine_out.pdbqt
Nimustine,Alkylating Agent,-6.048,0.336,1,results/docking/real_poses/Nimustine_out.pdbqt
Procarbazine,Alkylating Agent,-6.47,0.4044,1,results/docking/real_poses/Procarbazine_out.pdbqt
Osimertinib,EGFR TKI (3rd Gen),-8.138,0.2199,1,results/docking/real_poses/Osimertinib_out.pdbqt
Gefitinib,EGFR TKI (1st Gen),-8.099,0.2613,4,results/docking/real_poses/Gefitinib_out.pdbqt
Erlotinib,EGFR TKI (1st Gen),-7.27,0.2507,1,results/docking/real_poses/Erlotinib_out.pdbqt
Afatinib,EGFR TKI (2nd Gen),-8.026,0.2361,2,results/docking/real_poses/Afatinib_out.pdbqt
Dacomitinib,EGFR TKI (2nd Gen),-8.776,0.2659,5,results/docking/real_poses/Dacomitinib_out.pdbqt
Brigatinib,Multi-Kinase TKI,-8.64,0.216,5,results/docking/real_poses/Brigatinib_out.pdbqt
Regorafenib,Multi-Kinase TKI,-8.774,0.2659,1,results/docking/real_poses/Regorafenib_out.pdbqt
Sorafenib,Multi-Kinase TKI,-8.523,0.2663,1,results/docking/real_poses/Sorafenib_out.pdbqt
Sunitinib,Multi-Kinase TKI,-7.855,0.2709,1,results/docking/real_poses/Sunitinib_out.pdbqt
Cabozantinib,Multi-Kinase TKI,-8.66,0.2341,1,results/docking/real_poses/Cabozantinib_out.pdbqt
Lenvatinib,Multi-Kinase TKI,-8.104,0.2701,1,results/docking/real_poses/Lenvatinib_out.pdbqt
Pazopanib,Multi-Kinase TKI,-8.528,0.2751,1,results/docking/real_poses/Pazopanib_out.pdbqt
Axitinib,Multi-Kinase TKI,-8.563,0.3058,1,results/docking/real_poses/Axitinib_out.pdbqt
Cediranib,VEGFR TKI,-8.115,0.2459,2,results/docking/real_poses/Cediranib_out.pdbqt
Abemaciclib,CDK4/6 Inhibitor,-9.65,0.2608,5,results/docking/real_poses/Abemaciclib_out.pdbqt
Palbociclib,CDK4/6 Inhibitor,-9.109,0.276,5,results/docking/real_poses/Palbociclib_out.pdbqt
Ribociclib,CDK4/6 Inhibitor,-8.448,0.264,5,results/docking/real_poses/Ribociclib_out.pdbqt
Cobimetinib,MEK Inhibitor,-9.009,0.3003,5,results/docking/real_poses/Cobimetinib_out.pdbqt
Trametinib,MEK Inhibitor,-8.554,0.2312,5,results/docking/real_poses/Trametinib_out.pdbqt
Selumetinib,MEK Inhibitor,-8.114,0.3005,1,results/docking/real_poses/Selumetinib_out.pdbqt
Dabrafenib,BRAF Inhibitor,-8.714,0.249,1,results/docking/real_poses/Dabrafenib_out.pdbqt
Everolimus,mTOR Inhibitor,-7.843,0.1153,5,results/docking/real_poses/Everolimus_out.pdbqt
Vorinostat,HDAC Inhibitor,-6.625,0.3487,1,results/docking/real_poses/Vorinostat_out.pdbqt
Bortezomib,Proteasome Inhibitor,,,0,not docked: boron has no AutoDock Vina atom type
Marizomib,Proteasome Inhibitor,-6.999,0.3333,5,results/docking/real_poses/Marizomib_out.pdbqt
Larotrectinib,TRK Inhibitor,-9.193,0.2965,5,results/docking/real_poses/Larotrectinib_out.pdbqt
Paxalisib,PI3K/mTOR TKI,-8.098,0.2892,5,results/docking/real_poses/Paxalisib_out.pdbqt
Buparlisib,PI3K Inhibitor,-8.337,0.2875,5,results/docking/real_poses/Buparlisib_out.pdbqt
