control,mode,vina_kcal_mol,rmsd_A
"self-redock, crystal conformation",1,-7.02,5.938
"self-redock, crystal conformation",2,-6.935,7.958
"self-redock, crystal conformation",3,-6.885,9.45
"self-redock, crystal conformation",4,-6.836,6.034
"self-redock, crystal conformation",5,-6.829,4.753
"self-redock, crystal conformation",6,-6.808,1.126
"self-redock, crystal conformation",7,-6.785,8.815
"self-redock, crystal conformation",8,-6.758,2.329
"self-redock, crystal conformation",9,-6.745,7.421
"production protocol, from SMILES",1,-7.284,7.614
"production protocol, from SMILES",2,-7.214,4.916
"production protocol, from SMILES",3,-7.176,5.97
"production protocol, from SMILES",4,-7.163,6.019
"production protocol, from SMILES",5,-7.13,8.437
"production protocol, from SMILES",6,-7.042,8.32
"production protocol, from SMILES",7,-7.013,1.443
"production protocol, from SMILES",8,-6.882,7.987
"production protocol, from SMILES",9,-6.833,7.249
