name,residue,chain,min_dist_A,polar
Temozolomide,Val702,A,3.45,False
Temozolomide,Ala719,A,3.43,False
Temozolomide,Met742,A,3.66,False
Temozolomide,Cys751,A,3.8,False
Temozolomide,Thr766,A,3.23,True
Temozolomide,Gln767,A,3.42,True
Temozolomide,Leu768,A,3.85,False
Temozolomide,Met769,A,3.55,False
Temozolomide,Leu820,A,3.45,False
Temozolomide,Thr830,A,3.04,True
Lomustine,Leu694,A,3.72,False
Lomustine,Val702,A,3.94,False
Lomustine,Ala719,A,3.38,False
Lomustine,Lys721,A,3.75,False
Lomustine,Glu738,A,3.55,False
Lomustine,Met742,A,3.69,False
Lomustine,Cys751,A,3.66,False
Lomustine,Leu764,A,3.39,False
Lomustine,Thr766,A,3.21,True
Lomustine,Leu768,A,3.82,False
Lomustine,Met769,A,3.47,False
Lomustine,Leu820,A,3.4,False
Lomustine,Thr830,A,3.1,True
Carmustine,Val702,A,3.66,False
Carmustine,Ala719,A,3.35,False
Carmustine,Lys721,A,3.8,False
Carmustine,Glu738,A,3.36,False
Carmustine,Met742,A,3.79,False
Carmustine,Cys751,A,3.93,False
Carmustine,Leu764,A,3.69,False
Carmustine,Thr766,A,3.0,True
Carmustine,Leu768,A,3.71,False
Carmustine,Met769,A,3.51,False
Carmustine,Leu820,A,3.52,False
Carmustine,Thr830,A,3.16,True
Nimustine,Val702,A,3.81,False
Nimustine,Ala719,A,3.39,False
Nimustine,Lys721,A,3.78,False
Nimustine,Glu738,A,3.48,False
Nimustine,Met742,A,3.73,False
Nimustine,Cys751,A,3.87,False
Nimustine,Leu764,A,3.79,False
Nimustine,Thr766,A,3.02,True
Nimustine,Met769,A,3.17,True
Nimustine,Gly772,A,3.52,False
Nimustine,Cys773,A,3.58,False
Nimustine,Leu820,A,3.37,False
Nimustine,Thr830,A,3.18,True
Procarbazine,Leu694,A,3.57,False
Procarbazine,Val702,A,3.73,False
Procarbazine,Ala719,A,3.61,False
Procarbazine,Lys721,A,3.68,False
Procarbazine,Thr766,A,2.79,True
Procarbazine,Gln767,A,3.89,False
Procarbazine,Met769,A,2.9,True
Procarbazine,Pro770,A,3.1,True
Procarbazine,Gly772,A,3.24,True
Procarbazine,Leu820,A,3.57,False
Osimertinib,Leu694,A,4.0,False
Osimertinib,Phe699,A,3.37,False
Osimertinib,Val702,A,3.86,False
Osimertinib,Ala719,A,3.56,False
Osimertinib,Lys721,A,3.11,True
Osimertinib,Met769,A,3.33,False
Osimertinib,Gly772,A,3.79,False
Osimertinib,Cys773,A,3.53,False
Osimertinib,Asp813,A,3.22,True
Osimertinib,Arg817,A,3.16,True
Osimertinib,Asn818,A,3.43,False
Osimertinib,Leu820,A,3.63,False
Osimertinib,Asp831,A,3.34,True
Gefitinib,Leu694,A,3.55,False
Gefitinib,Gly695,A,3.89,False
Gefitinib,Phe699,A,3.94,False
Gefitinib,Val702,A,3.46,False
Gefitinib,Ala719,A,3.49,False
Gefitinib,Lys721,A,3.57,False
Gefitinib,Glu738,A,3.21,False
Gefitinib,Met742,A,3.49,False
Gefitinib,Leu764,A,3.65,False
Gefitinib,Thr766,A,3.44,False
Gefitinib,Gln767,A,3.75,False
Gefitinib,Met769,A,3.2,True
Gefitinib,Gly772,A,3.96,False
Gefitinib,Arg817,A,3.38,True
Gefitinib,Leu820,A,3.5,False
Gefitinib,Thr830,A,3.39,False
Gefitinib,Asp831,A,3.37,True
Erlotinib,Leu694,A,3.71,False
Erlotinib,Gly695,A,3.65,False
Erlotinib,Phe699,A,3.54,False
Erlotinib,Val702,A,3.59,False
Erlotinib,Ala719,A,3.38,False
Erlotinib,Lys721,A,3.49,False
Erlotinib,Glu738,A,3.55,False
Erlotinib,Met742,A,3.65,False
Erlotinib,Thr766,A,3.12,True
Erlotinib,Met769,A,3.12,False
Erlotinib,Gly772,A,3.83,False
Erlotinib,Leu820,A,3.68,False
Erlotinib,Thr830,A,2.95,True
Erlotinib,Asp831,A,3.43,False
Afatinib,Leu694,A,3.5,False
Afatinib,Phe699,A,3.25,False
Afatinib,Val702,A,3.52,False
Afatinib,Ala719,A,3.76,False
Afatinib,Lys721,A,3.23,True
Afatinib,Glu738,A,3.39,False
Afatinib,Met742,A,3.58,False
Afatinib,Leu764,A,3.71,False
Afatinib,Thr766,A,3.56,False
Afatinib,Leu820,A,3.27,False
Afatinib,Thr830,A,3.59,False
Afatinib,Asp831,A,3.19,True
Dacomitinib,Leu694,A,3.79,False
Dacomitinib,Gly695,A,3.74,False
Dacomitinib,Phe699,A,3.62,False
Dacomitinib,Val702,A,3.53,False
Dacomitinib,Ala719,A,3.38,False
Dacomitinib,Lys721,A,3.22,True
Dacomitinib,Glu738,A,3.61,False
Dacomitinib,Met742,A,3.61,False
Dacomitinib,Leu764,A,3.14,False
Dacomitinib,Thr766,A,3.17,False
Dacomitinib,Asp813,A,3.34,False
Dacomitinib,Leu820,A,3.36,False
Dacomitinib,Thr830,A,3.37,False
Dacomitinib,Asp831,A,3.51,False
Dacomitinib,Gly833,A,3.69,False
Dacomitinib,Leu834,A,3.81,False
Brigatinib,Leu694,A,3.29,True
Brigatinib,Val702,A,3.74,False
Brigatinib,Ala719,A,3.93,False
Brigatinib,Lys721,A,3.55,False
Brigatinib,Glu738,A,3.58,False
Brigatinib,Met742,A,3.68,False
Brigatinib,Leu764,A,3.9,False
Brigatinib,Thr766,A,3.34,False
Brigatinib,Met769,A,3.94,False
Brigatinib,Pro770,A,3.73,False
Brigatinib,Phe771,A,3.49,False
Brigatinib,Gly772,A,3.83,False
Brigatinib,Asp776,A,3.62,False
Brigatinib,Tyr777,A,3.45,False
Brigatinib,Glu780,A,3.58,False
Brigatinib,His781,A,3.69,False
Brigatinib,Leu820,A,3.5,False
Brigatinib,Thr830,A,3.38,False
Brigatinib,Asp831,A,3.89,False
Regorafenib,Phe699,A,3.27,False
Regorafenib,Val702,A,3.52,False
Regorafenib,Ala719,A,3.57,False
Regorafenib,Lys721,A,3.15,True
Regorafenib,Glu738,A,3.18,False
Regorafenib,Thr766,A,2.84,True
Regorafenib,Met769,A,3.52,False
Regorafenib,Arg817,A,3.88,False
Regorafenib,Leu820,A,3.62,False
Regorafenib,Asp831,A,3.07,True
Sorafenib,Phe699,A,3.23,False
Sorafenib,Val702,A,3.58,False
Sorafenib,Ala719,A,3.57,False
Sorafenib,Lys721,A,3.07,True
Sorafenib,Glu738,A,3.22,False
Sorafenib,Thr766,A,2.92,True
Sorafenib,Met769,A,3.64,False
Sorafenib,Leu820,A,3.49,False
Sorafenib,Asp831,A,3.16,True
Sunitinib,Leu694,A,3.72,False
Sunitinib,Gly695,A,3.58,False
Sunitinib,Phe699,A,3.7,False
Sunitinib,Val702,A,3.53,False
Sunitinib,Lys721,A,3.43,False
Sunitinib,Glu738,A,3.4,False
Sunitinib,Met742,A,3.56,False
Sunitinib,Leu764,A,2.93,False
Sunitinib,Thr766,A,3.4,False
Sunitinib,Met769,A,3.03,False
Sunitinib,Gly772,A,3.71,False
Sunitinib,Cys773,A,3.36,True
Sunitinib,Leu820,A,3.23,False
Sunitinib,Thr830,A,2.98,True
Sunitinib,Asp831,A,3.32,True
Cabozantinib,Leu694,A,3.5,False
Cabozantinib,Val702,A,3.45,False
Cabozantinib,Ala719,A,3.44,False
Cabozantinib,Lys721,A,3.3,False
Cabozantinib,Thr766,A,2.8,True
Cabozantinib,Gln767,A,3.55,False
Cabozantinib,Phe771,A,3.45,False
Cabozantinib,Gly772,A,3.65,False
Cabozantinib,Cys773,A,3.73,False
Cabozantinib,Asp776,A,3.53,False
Cabozantinib,Tyr777,A,3.02,False
Cabozantinib,Glu780,A,3.14,False
Cabozantinib,His781,A,3.24,False
Cabozantinib,Leu820,A,3.21,False
Cabozantinib,Asp831,A,3.89,False
Lenvatinib,Leu694,A,2.92,True
Lenvatinib,Val702,A,3.66,False
Lenvatinib,Ala719,A,3.97,False
Lenvatinib,Lys721,A,3.23,True
Lenvatinib,Met742,A,3.99,False
Lenvatinib,Cys751,A,3.5,False
Lenvatinib,Leu764,A,3.82,False
Lenvatinib,Thr766,A,2.84,True
Lenvatinib,Gln767,A,3.58,False
Lenvatinib,Cys773,A,3.82,False
Lenvatinib,Leu820,A,3.35,False
Lenvatinib,Thr830,A,3.12,True
Lenvatinib,Asp831,A,3.56,False
Pazopanib,Leu694,A,3.66,False
Pazopanib,Phe699,A,3.55,False
Pazopanib,Val702,A,3.39,False
Pazopanib,Ala719,A,3.48,False
Pazopanib,Lys721,A,3.72,False
Pazopanib,Glu738,A,3.41,False
Pazopanib,Met742,A,3.74,False
Pazopanib,Thr766,A,3.13,True
Pazopanib,Asn818,A,3.84,False
Pazopanib,Leu820,A,3.41,False
Pazopanib,Thr830,A,3.44,False
Pazopanib,Asp831,A,3.09,True
Axitinib,Leu694,A,3.58,False
Axitinib,Val702,A,3.79,False
Axitinib,Ala719,A,3.69,False
Axitinib,Lys721,A,3.57,False
Axitinib,Thr766,A,3.29,True
Axitinib,Met769,A,3.04,True
Axitinib,Phe771,A,3.65,False
Axitinib,Gly772,A,3.66,False
Axitinib,Cys773,A,3.47,False
Axitinib,Asp776,A,3.72,False
Axitinib,Leu820,A,3.58,False
Axitinib,Thr830,A,3.49,False
Cediranib,Leu694,A,3.46,True
Cediranib,Val702,A,3.28,False
Cediranib,Ala719,A,3.03,False
Cediranib,Glu738,A,3.2,False
Cediranib,Met742,A,3.93,False
Cediranib,Met769,A,3.48,True
Cediranib,Pro770,A,3.24,True
Cediranib,Phe771,A,3.58,False
Cediranib,Gly772,A,3.4,True
Cediranib,Asp776,A,3.64,False
Cediranib,Tyr777,A,3.65,False
Cediranib,Glu780,A,3.74,False
Cediranib,His781,A,3.62,False
Cediranib,Leu820,A,3.55,False
Cediranib,Thr830,A,3.22,True
Cediranib,Asp831,A,2.88,True
Abemaciclib,Leu694,A,3.5,False
Abemaciclib,Phe699,A,3.6,False
Abemaciclib,Val702,A,3.55,False
Abemaciclib,Ala719,A,3.19,False
Abemaciclib,Lys721,A,3.2,True
Abemaciclib,Thr766,A,3.88,False
Abemaciclib,Gln767,A,3.17,False
Abemaciclib,Leu768,A,3.44,False
Abemaciclib,Met769,A,2.94,True
Abemaciclib,Gly772,A,3.67,False
Abemaciclib,Cys773,A,3.82,False
Abemaciclib,Asp813,A,3.17,False
Abemaciclib,Asn818,A,3.71,False
Abemaciclib,Leu820,A,3.4,False
Abemaciclib,Thr830,A,3.25,False
Abemaciclib,Asp831,A,3.3,True
Abemaciclib,Gly833,A,3.52,False
Abemaciclib,Leu834,A,3.65,False
Palbociclib,Leu694,A,3.4,False
Palbociclib,Phe699,A,3.56,False
Palbociclib,Val702,A,3.49,False
Palbociclib,Ala719,A,3.44,False
Palbociclib,Lys721,A,3.43,True
Palbociclib,Met742,A,3.78,False
Palbociclib,Thr766,A,3.24,False
Palbociclib,Leu768,A,3.9,False
Palbociclib,Met769,A,3.53,False
Palbociclib,Asp813,A,3.08,True
Palbociclib,Arg817,A,3.46,False
Palbociclib,Leu820,A,2.93,False
Palbociclib,Thr830,A,3.45,False
Palbociclib,Asp831,A,3.4,True
Ribociclib,Leu694,A,3.65,False
Ribociclib,Val702,A,3.49,False
Ribociclib,Ala719,A,3.66,False
Ribociclib,Lys721,A,3.65,False
Ribociclib,Thr766,A,3.65,False
Ribociclib,Phe771,A,3.53,False
Ribociclib,Gly772,A,3.64,False
Ribociclib,Cys773,A,3.27,True
Ribociclib,Asp776,A,3.34,True
Ribociclib,Tyr777,A,3.88,False
Ribociclib,Glu780,A,3.12,True
Ribociclib,Leu820,A,3.42,False
Ribociclib,Thr830,A,2.98,True
Ribociclib,Asp831,A,3.3,False
Cobimetinib,Leu694,A,3.65,False
Cobimetinib,Gly695,A,3.2,False
Cobimetinib,Phe699,A,3.38,False
Cobimetinib,Val702,A,3.47,False
Cobimetinib,Ala719,A,3.78,False
Cobimetinib,Lys721,A,3.12,True
Cobimetinib,Glu738,A,3.76,False
Cobimetinib,Met742,A,3.89,False
Cobimetinib,Leu764,A,3.65,False
Cobimetinib,Thr766,A,2.99,True
Cobimetinib,Leu820,A,3.24,False
Cobimetinib,Thr830,A,3.37,False
Cobimetinib,Asp831,A,3.22,True
Trametinib,Leu694,A,3.2,False
Trametinib,Val702,A,3.5,False
Trametinib,Ala719,A,3.92,False
Trametinib,Met742,A,3.83,False
Trametinib,Cys751,A,3.82,False
Trametinib,Thr766,A,2.85,True
Trametinib,Met769,A,3.42,False
Trametinib,Gly772,A,3.65,False
Trametinib,Cys773,A,3.55,False
Trametinib,Asp776,A,3.63,False
Trametinib,Glu780,A,3.74,False
Trametinib,Arg817,A,3.1,True
Trametinib,Leu820,A,3.59,False
Trametinib,Thr830,A,2.96,True
Trametinib,Asp831,A,3.67,False
Selumetinib,Leu694,A,3.4,False
Selumetinib,Phe699,A,3.53,False
Selumetinib,Val702,A,3.49,False
Selumetinib,Ala719,A,2.97,True
Selumetinib,Lys721,A,3.41,False
Selumetinib,Leu764,A,3.04,True
Selumetinib,Ile765,A,3.76,False
Selumetinib,Thr766,A,2.83,True
Selumetinib,Leu768,A,3.93,False
Selumetinib,Met769,A,3.26,False
Selumetinib,Leu820,A,3.57,False
Selumetinib,Thr830,A,3.18,True
Selumetinib,Asp831,A,3.08,False
Dabrafenib,Leu694,A,3.41,False
Dabrafenib,Phe699,A,3.22,False
Dabrafenib,Val702,A,2.99,False
Dabrafenib,Ala719,A,3.67,False
Dabrafenib,Lys721,A,3.35,False
Dabrafenib,Glu738,A,3.26,True
Dabrafenib,Met742,A,3.73,False
Dabrafenib,Thr766,A,3.53,False
Dabrafenib,Leu768,A,3.63,False
Dabrafenib,Met769,A,3.45,False
Dabrafenib,Gly772,A,3.82,False
Dabrafenib,Cys773,A,3.19,False
Dabrafenib,Arg817,A,3.07,False
Dabrafenib,Leu820,A,3.26,False
Dabrafenib,Thr830,A,3.07,True
Dabrafenib,Asp831,A,3.09,True
Everolimus,Leu694,A,3.54,False
Everolimus,Phe699,A,3.35,False
Everolimus,Val702,A,3.31,False
Everolimus,Ala719,A,3.7,False
Everolimus,Lys721,A,3.53,False
Everolimus,Leu723,A,3.75,False
Everolimus,Ile735,A,3.89,False
Everolimus,Glu738,A,3.61,False
Everolimus,Met742,A,3.43,False
Everolimus,Thr766,A,3.06,True
Everolimus,Met769,A,3.18,True
Everolimus,Pro770,A,3.16,False
Everolimus,Phe771,A,3.24,False
Everolimus,Gly772,A,3.56,False
Everolimus,Cys773,A,3.14,True
Everolimus,Asp776,A,3.3,False
Everolimus,Tyr777,A,3.6,False
Everolimus,Glu780,A,3.38,False
Everolimus,Arg817,A,3.6,False
Everolimus,Asn818,A,3.42,False
Everolimus,Leu820,A,3.57,False
Everolimus,Thr830,A,2.92,True
Everolimus,Asp831,A,3.28,False
Vorinostat,Phe699,A,3.62,False
Vorinostat,Val702,A,3.58,False
Vorinostat,Ala719,A,2.81,True
Vorinostat,Ile720,A,3.93,False
Vorinostat,Lys721,A,3.5,False
Vorinostat,Leu764,A,3.05,True
Vorinostat,Ile765,A,3.69,False
Vorinostat,Thr766,A,2.75,True
Vorinostat,Leu820,A,3.61,False
Vorinostat,Asp831,A,3.53,False
Marizomib,Leu694,A,3.75,False
Marizomib,Val702,A,3.39,False
Marizomib,Ala719,A,3.26,False
Marizomib,Lys721,A,3.53,False
Marizomib,Glu738,A,3.73,False
Marizomib,Met742,A,3.49,False
Marizomib,Cys751,A,3.65,False
Marizomib,Leu764,A,3.35,False
Marizomib,Thr766,A,3.19,True
Marizomib,Met769,A,3.53,False
Marizomib,Gly772,A,3.89,False
Marizomib,Leu820,A,2.97,False
Marizomib,Thr830,A,3.05,True
Marizomib,Asp831,A,3.29,True
Larotrectinib,Leu694,A,3.36,False
Larotrectinib,Gly695,A,3.93,False
Larotrectinib,Phe699,A,3.29,False
Larotrectinib,Val702,A,3.19,False
Larotrectinib,Ala719,A,3.53,False
Larotrectinib,Lys721,A,3.55,False
Larotrectinib,Glu738,A,3.68,False
Larotrectinib,Thr766,A,2.78,True
Larotrectinib,Gln767,A,3.79,False
Larotrectinib,Leu768,A,3.77,False
Larotrectinib,Met769,A,3.19,True
Larotrectinib,Cys773,A,3.32,False
Larotrectinib,Arg817,A,3.34,False
Larotrectinib,Leu820,A,3.62,False
Larotrectinib,Thr830,A,2.95,True
Larotrectinib,Asp831,A,3.05,True
Paxalisib,Leu694,A,3.65,False
Paxalisib,Phe699,A,3.65,False
Paxalisib,Val702,A,3.5,False
Paxalisib,Ala719,A,3.46,True
Paxalisib,Lys721,A,3.44,False
Paxalisib,Leu764,A,3.17,True
Paxalisib,Ile765,A,3.61,False
Paxalisib,Thr766,A,2.99,True
Paxalisib,Met769,A,3.26,False
Paxalisib,Gly772,A,3.97,False
Paxalisib,Arg817,A,3.98,False
Paxalisib,Leu820,A,3.62,False
Paxalisib,Asp831,A,3.51,False
Buparlisib,Leu694,A,3.33,False
Buparlisib,Phe699,A,3.85,False
Buparlisib,Val702,A,3.38,False
Buparlisib,Ala719,A,3.59,False
Buparlisib,Lys721,A,3.08,False
Buparlisib,Glu738,A,3.62,False
Buparlisib,Leu764,A,3.19,True
Buparlisib,Ile765,A,3.86,False
Buparlisib,Thr766,A,3.12,True
Buparlisib,Leu768,A,3.56,False
Buparlisib,Met769,A,3.23,True
Buparlisib,Gly772,A,3.71,False
Buparlisib,Leu820,A,3.47,False
Buparlisib,Thr830,A,2.93,False
Buparlisib,Asp831,A,3.12,False
